{"area_points":{"6":[[32.393992000000004,35.545665],[31.782505000000015,35.545252],[31.489086,35.397561],[31.353435000000005,34.927408],[31.616778,34.970507],[31.754341,35.225892],[31.866581999999998,34.974641],[32.53251099999999,35.18393],[32.393992000000004,35.545665]]},"view_point":[32.393992000000004,35.545665],"render_url":"layers/show","layer_id":4}